InstanceId,InstanceType,Name,AvgCPU,MaxCPU,MonthlyCost_EDP,ChinaClass,AWSClass,Action,PotentialSavings
i-0e96768c9f352766c,m6i.8xlarge,unnamed,1.69,7.63,773.68,IDLE,SEVERE_UNDERUTIL,TERMINATE_OR_DOWNSIZE_2_SIZES,657.63
i-05cea5a6a4ae2801d,m6i.8xlarge,unnamed,1.7,8.31,773.68,IDLE,SEVERE_UNDERUTIL,TERMINATE_OR_DOWNSIZE_2_SIZES,657.63
i-0b94e2139334f6c97,m6i.8xlarge,unnamed,1.76,8.0,773.68,IDLE,SEVERE_UNDERUTIL,TERMINATE_OR_DOWNSIZE_2_SIZES,657.63
i-00a8aa0a09849ca17,m6i.8xlarge,unnamed,1.87,15.07,773.68,IDLE,SEVERE_UNDERUTIL,DOWNSIZE_1_SIZE,386.84
i-0e72d539f775da4bb,m6i.8xlarge,unnamed,1.83,12.07,773.68,IDLE,SEVERE_UNDERUTIL,DOWNSIZE_1_SIZE,386.84
i-02ca602ec667ca5c1,m6i.8xlarge,unnamed,1.94,10.38,773.68,IDLE,SEVERE_UNDERUTIL,DOWNSIZE_1_SIZE,386.84
i-0b992e7a6fa1b66b4,m6i.8xlarge,unnamed,1.61,10.17,773.68,IDLE,SEVERE_UNDERUTIL,DOWNSIZE_1_SIZE,386.84
i-09a76a8b0f16c4c39,m6i.4xlarge,unnamed,1.43,9.17,386.84,IDLE,SEVERE_UNDERUTIL,TERMINATE_OR_DOWNSIZE_2_SIZES,328.82
i-087d9aa6a44983b43,m6i.4xlarge,unnamed,1.7,8.17,386.84,IDLE,SEVERE_UNDERUTIL,TERMINATE_OR_DOWNSIZE_2_SIZES,328.82
i-0f8d8fa6277335edf,c6i.4xlarge,ifeilianvpn01-prod-usa-aws,0.31,1.52,342.52,IDLE,SEVERE_UNDERUTIL,TERMINATE_OR_DOWNSIZE_2_SIZES,291.14
i-04b4ad1b0469397da,r6i.4xlarge,iluckydpbi03-prod-usa-aws,1.88,12.16,507.73,IDLE,SEVERE_UNDERUTIL,DOWNSIZE_1_SIZE,253.86
i-0fc62b28f38f4275e,m6i.8xlarge,unnamed,2.01,10.93,773.68,LOW_LOAD,SEVERE_UNDERUTIL,RIGHTSIZE,232.1
i-0a7889d373836f786,m6i.8xlarge,unnamed,2.42,8.69,773.68,LOW_LOAD,SEVERE_UNDERUTIL,RIGHTSIZE,232.1
i-07f28f6e4d0193485,m6i.8xlarge,unnamed,2.12,10.5,773.68,LOW_LOAD,SEVERE_UNDERUTIL,RIGHTSIZE,232.1
i-0b9a758f7e72da236,m6i.8xlarge,unnamed,2.38,7.99,773.68,LOW_LOAD,SEVERE_UNDERUTIL,RIGHTSIZE,232.1
i-08c37e4b962909d8b,m6i.8xlarge,unnamed,2.44,11.34,773.68,LOW_LOAD,SEVERE_UNDERUTIL,RIGHTSIZE,232.1
i-0f09e3529105df1e9,m6i.8xlarge,unnamed,2.22,11.39,773.68,LOW_LOAD,SEVERE_UNDERUTIL,RIGHTSIZE,232.1
i-04f5d14a1fafdea36,m6i.4xlarge,unnamed,1.01,13.91,386.84,IDLE,SEVERE_UNDERUTIL,DOWNSIZE_1_SIZE,193.42
i-05ebee32958e4dc1c,m6i.4xlarge,unnamed,1.5,13.16,386.84,IDLE,SEVERE_UNDERUTIL,DOWNSIZE_1_SIZE,193.42
i-0eb265d2fe5b513d1,m6i.4xlarge,unnamed,1.87,14.35,386.84,IDLE,SEVERE_UNDERUTIL,DOWNSIZE_1_SIZE,193.42
i-078370c47da4c24e1,m6i.4xlarge,unnamed,1.74,13.33,386.84,IDLE,SEVERE_UNDERUTIL,DOWNSIZE_1_SIZE,193.42
i-0be763e5a73c54cdd,c6i.2xlarge,ijumpserver01-prod-usa-aws,0.84,8.32,171.26,IDLE,SEVERE_UNDERUTIL,TERMINATE_OR_DOWNSIZE_2_SIZES,145.57
i-06a1989d97942d2e8,c6i.2xlarge,ireplenishment01-prod-usb-aws,0.28,4.2,171.26,IDLE,SEVERE_UNDERUTIL,TERMINATE_OR_DOWNSIZE_2_SIZES,145.57
i-0a03b6fdb38be4e76,c6i.2xlarge,ijumpserver02-prod-usa-aws,0.84,9.79,171.26,IDLE,SEVERE_UNDERUTIL,TERMINATE_OR_DOWNSIZE_2_SIZES,145.57
i-0cef4919771dd9ead,m6i.4xlarge,unnamed,2.1,14.37,386.84,LOW_LOAD,SEVERE_UNDERUTIL,RIGHTSIZE,116.05
i-0f5b8098e2098d6ec,r6i.2xlarge,unnamed,6.04,95.53,253.86,LOW_LOAD,UNDERUTIL,RIGHTSIZE,76.16
i-05385620b1f653246,c6i.xlarge,lsoptree01-prod-usa-aws,0.78,5.43,85.63,IDLE,SEVERE_UNDERUTIL,TERMINATE_OR_DOWNSIZE_2_SIZES,72.78
i-05b4d888d076aee02,c6i.xlarge,luckycronzk03-prod-usa-aws,0.56,3.49,85.63,IDLE,SEVERE_UNDERUTIL,TERMINATE_OR_DOWNSIZE_2_SIZES,72.78
i-0203a2c0d36725ca7,c6i.xlarge,luckycronzk02-prod-usa-aws,0.68,5.3,85.63,IDLE,SEVERE_UNDERUTIL,TERMINATE_OR_DOWNSIZE_2_SIZES,72.78
i-006ba888e38bddea7,c6i.xlarge,luckycronzk01-prod-usa-aws,0.61,4.23,85.63,IDLE,SEVERE_UNDERUTIL,TERMINATE_OR_DOWNSIZE_2_SIZES,72.78
i-066e448382c764434,c6i.xlarge,luckybasezk02-prod-usa-aws,0.82,4.99,85.63,IDLE,SEVERE_UNDERUTIL,TERMINATE_OR_DOWNSIZE_2_SIZES,72.78
i-021bc3fafe2a72f6c,c6i.xlarge,iluckyemq01-prod-usa-aws,0.43,5.9,85.63,IDLE,SEVERE_UNDERUTIL,TERMINATE_OR_DOWNSIZE_2_SIZES,72.78
i-0de766436a781bc22,c6i.xlarge,lcmdbservice-prod-usa-aws,0.73,7.46,85.63,IDLE,SEVERE_UNDERUTIL,TERMINATE_OR_DOWNSIZE_2_SIZES,72.78
i-0ab276f33e9d3061d,c6i.xlarge,lsopwebstatic01-prod-usa-aws,0.32,4.94,85.63,IDLE,SEVERE_UNDERUTIL,TERMINATE_OR_DOWNSIZE_2_SIZES,72.78
i-0ffb4afeb3400c389,c6i.xlarge,lfeserver06-prod-usa-aws,1.96,9.75,85.63,IDLE,SEVERE_UNDERUTIL,TERMINATE_OR_DOWNSIZE_2_SIZES,72.78
i-06ed27339515e26c9,c6i.xlarge,luckybasezk03-prod-usa-aws,0.7,4.72,85.63,IDLE,SEVERE_UNDERUTIL,TERMINATE_OR_DOWNSIZE_2_SIZES,72.78
i-0f6ea87c519f6a9a5,c6i.xlarge,luckybasezk01-prod-usa-aws,0.69,4.76,85.63,IDLE,SEVERE_UNDERUTIL,TERMINATE_OR_DOWNSIZE_2_SIZES,72.78
i-05955c55c931cb08b,c6i.xlarge,luckydatax01-prod-usa-aws,0.27,6.91,85.63,IDLE,SEVERE_UNDERUTIL,TERMINATE_OR_DOWNSIZE_2_SIZES,72.78
i-0200660d796d20f5d,c6i.xlarge,luckycapiproxy05-prod-usa-aws,1.02,6.04,85.63,IDLE,SEVERE_UNDERUTIL,TERMINATE_OR_DOWNSIZE_2_SIZES,72.78
i-0dc7d86f70c7ab1c8,c6i.xlarge,luckysapiproxy02-prod-usa-aws,0.99,4.32,85.63,IDLE,SEVERE_UNDERUTIL,TERMINATE_OR_DOWNSIZE_2_SIZES,72.78
i-0174788a2220352ad,c6i.xlarge,luckysapiproxy03-prod-usa-aws,0.98,7.63,85.63,IDLE,SEVERE_UNDERUTIL,TERMINATE_OR_DOWNSIZE_2_SIZES,72.78
i-0df072d14c4d8ebac,c6i.xlarge,luckyauth02-prod-usb-aws,0.4,5.38,85.63,IDLE,SEVERE_UNDERUTIL,TERMINATE_OR_DOWNSIZE_2_SIZES,72.78
i-0507def86330ce1a9,c6i.xlarge,luckycapiproxy04-prod-usa-aws,0.93,7.85,85.63,IDLE,SEVERE_UNDERUTIL,TERMINATE_OR_DOWNSIZE_2_SIZES,72.78
i-0dcba104461f9bc59,c6i.xlarge,ilopa01-prod-usa-aws,0.25,4.75,85.63,IDLE,SEVERE_UNDERUTIL,TERMINATE_OR_DOWNSIZE_2_SIZES,72.78
i-007f9212eb65c5af3,c6i.xlarge,ilopamanager01-prod-usa-aws,0.26,5.23,85.63,IDLE,SEVERE_UNDERUTIL,TERMINATE_OR_DOWNSIZE_2_SIZES,72.78
i-09c15ed99d5e5664c,c6i.xlarge,iapmmetrics02-prod-usa-aws,1.05,4.76,85.63,IDLE,SEVERE_UNDERUTIL,TERMINATE_OR_DOWNSIZE_2_SIZES,72.78
i-051cc79f1007fd3c7,c6i.xlarge,iluckyauthbackend02-prod-usc-aws,0.26,4.93,85.63,IDLE,SEVERE_UNDERUTIL,TERMINATE_OR_DOWNSIZE_2_SIZES,72.78
i-015d8c773030c561b,c6i.xlarge,iluckyauthbackend01-prod-usc-aws,0.27,5.43,85.63,IDLE,SEVERE_UNDERUTIL,TERMINATE_OR_DOWNSIZE_2_SIZES,72.78
i-0243c16e691741665,c6i.xlarge,iapmmetrics03-prod-usa-aws,1.07,4.95,85.63,IDLE,SEVERE_UNDERUTIL,TERMINATE_OR_DOWNSIZE_2_SIZES,72.78
i-0773d5b6513fb9cc9,c6i.xlarge,iapmmetrics01-prod-usa-aws,1.04,4.59,85.63,IDLE,SEVERE_UNDERUTIL,TERMINATE_OR_DOWNSIZE_2_SIZES,72.78
i-0c155ec1f7ef90b85,c6i.xlarge,lcmdbservice05-prod-usa-aws,0.34,3.84,85.63,IDLE,SEVERE_UNDERUTIL,TERMINATE_OR_DOWNSIZE_2_SIZES,72.78
i-0c78ed33b3357609f,c6i.xlarge,iluckyauthadminbackend02-prod-usb-aws,0.25,4.18,85.63,IDLE,SEVERE_UNDERUTIL,TERMINATE_OR_DOWNSIZE_2_SIZES,72.78
i-02dacbbb9fe9ba244,c6i.xlarge,iluckyauthadminbackend01-prod-usb-aws,0.26,5.42,85.63,IDLE,SEVERE_UNDERUTIL,TERMINATE_OR_DOWNSIZE_2_SIZES,72.78
i-02eb6f6d1d464caee,c6i.xlarge,lsoptree02-prod-usa-aws,0.49,4.29,85.63,IDLE,SEVERE_UNDERUTIL,TERMINATE_OR_DOWNSIZE_2_SIZES,72.78
i-02d3e15ce45e5ce63,c6i.2xlarge,skywalkingoap01-prod-usa-aws,2.83,5.02,171.26,LOW_LOAD,SEVERE_UNDERUTIL,RIGHTSIZE,51.38
i-030f27cabef27fd41,c6i.2xlarge,skywalkingoap02-prod-usa-aws,4.32,8.49,171.26,LOW_LOAD,SEVERE_UNDERUTIL,RIGHTSIZE,51.38
i-0125dfcf211bb3b6d,m5.xlarge,luckin-prod-us-sec-honeypot-hive-nonlsop-01,0.1,20.43,96.71,IDLE,UNDERUTIL,DOWNSIZE_1_SIZE,48.36
i-01035a615a5fc5f4d,c6i.xlarge,luckyad02-prod-usb-aws,0.59,22.5,85.63,IDLE,UNDERUTIL,DOWNSIZE_1_SIZE,42.81
i-0bb716251f58c35dd,m4.large,dnsweb01-prod-usa-aws,1.11,3.31,50.37,IDLE,SEVERE_UNDERUTIL,TERMINATE_OR_DOWNSIZE_2_SIZES,42.81
i-0a2f4fefc5a8ed554,c6i.xlarge,luckydatalink01-prod-usa-aws,1.66,18.25,85.63,IDLE,SEVERE_UNDERUTIL,DOWNSIZE_1_SIZE,42.81
i-0daa13e17965ca6ba,c6i.xlarge,luckydatalinkmanager01-prod-usa-aws,0.36,11.86,85.63,IDLE,SEVERE_UNDERUTIL,DOWNSIZE_1_SIZE,42.81
i-0017ed2dc47ca8399,c6i.xlarge,luckyad01-prod-usa-aws,0.6,17.73,85.63,IDLE,SEVERE_UNDERUTIL,DOWNSIZE_1_SIZE,42.81
i-0f0310abb32242077,c6i.xlarge,iwafdetector01-prod-usa-aws,1.22,16.56,85.63,IDLE,SEVERE_UNDERUTIL,DOWNSIZE_1_SIZE,42.81
i-0e79567aeb52e6174,c6i.xlarge,luckydatalink02-prod-usa-aws,1.53,19.82,85.63,IDLE,SEVERE_UNDERUTIL,DOWNSIZE_1_SIZE,42.81
i-07a73fb0e1e6f0117,c6i.xlarge,luckydatalinkmanager02-prod-usa-aws,0.37,11.45,85.63,IDLE,SEVERE_UNDERUTIL,DOWNSIZE_1_SIZE,42.81
i-041edef3dc541e504,c6i.xlarge,iluckyptswebstatic01-prod-usa-aws,0.34,16.08,85.63,IDLE,SEVERE_UNDERUTIL,DOWNSIZE_1_SIZE,42.81
i-062d7f19b074225fa,c6i.xlarge,dbtools02-prod-usa-aws,1.74,59.85,85.63,IDLE,UNDERUTIL,DOWNSIZE_1_SIZE,42.81
i-02e16d310a8bd8a3d,c6i.large,dnsserver02-prod-usb-aws,0.97,9.3,42.81,IDLE,SEVERE_UNDERUTIL,TERMINATE_OR_DOWNSIZE_2_SIZES,36.39
i-0be9616720a6290ea,c6i.large,luckyuam01-prod-usb-aws,0.31,7.68,42.81,IDLE,SEVERE_UNDERUTIL,TERMINATE_OR_DOWNSIZE_2_SIZES,36.39
i-09e38bdb8f14e38de,c6i.large,luckydevops-01-prod-usa-aws,0.35,9.27,42.81,IDLE,SEVERE_UNDERUTIL,TERMINATE_OR_DOWNSIZE_2_SIZES,36.39
i-0ee8448158391dc2c,c6i.large,luckylfeetcd03-prod-usa-aws,0.75,8.27,42.81,IDLE,SEVERE_UNDERUTIL,TERMINATE_OR_DOWNSIZE_2_SIZES,36.39
i-02d581d2a34f57e88,c6i.large,lfetools01-prod-usa-aws,0.45,7.81,42.81,IDLE,SEVERE_UNDERUTIL,TERMINATE_OR_DOWNSIZE_2_SIZES,36.39
i-0e1f5f1fb0e7e9696,c6i.large,ucarudacheckspringboot01-prod-usa-aws,0.43,8.7,42.81,IDLE,SEVERE_UNDERUTIL,TERMINATE_OR_DOWNSIZE_2_SIZES,36.39
i-041f47fb4438f2362,c6i.large,luckyjump02-prod-usa-aws,0.31,7.77,42.81,IDLE,SEVERE_UNDERUTIL,TERMINATE_OR_DOWNSIZE_2_SIZES,36.39
i-075a1aa456b23f3d4,c6i.large,lfewafmanager01-prod-usa-aws,0.4,7.48,42.81,IDLE,SEVERE_UNDERUTIL,TERMINATE_OR_DOWNSIZE_2_SIZES,36.39
i-0ad5c2039a83c8752,c6i.large,ildasnacos01-prod-usa-aws,0.74,8.38,42.81,IDLE,SEVERE_UNDERUTIL,TERMINATE_OR_DOWNSIZE_2_SIZES,36.39
i-00a0a6a884565880e,c6i.large,ldascmdb01-prod-usa-aws,0.56,8.12,42.81,IDLE,SEVERE_UNDERUTIL,TERMINATE_OR_DOWNSIZE_2_SIZES,36.39
i-0a53ce8879a1c9fcc,c6i.large,ilsqlaudit01-prod-usa-aws,0.93,8.26,42.81,IDLE,SEVERE_UNDERUTIL,TERMINATE_OR_DOWNSIZE_2_SIZES,36.39
i-001b50245fcf25e92,c6i.large,umbalertmanager01-prod-usa-aws,0.96,9.33,42.81,IDLE,SEVERE_UNDERUTIL,TERMINATE_OR_DOWNSIZE_2_SIZES,36.39
i-050d65a5a7e99be83,c6i.large,luckyozono01-prod-usa-aws,0.39,7.71,42.81,IDLE,SEVERE_UNDERUTIL,TERMINATE_OR_DOWNSIZE_2_SIZES,36.39
i-064424801d40bdcae,c6i.large,luckybsportal02-prod-usa-aws,0.36,8.45,42.81,IDLE,SEVERE_UNDERUTIL,TERMINATE_OR_DOWNSIZE_2_SIZES,36.39
i-006c0cb094f563b57,c6i.large,chronussharding01-prod-usa-aws,0.6,7.88,42.81,IDLE,SEVERE_UNDERUTIL,TERMINATE_OR_DOWNSIZE_2_SIZES,36.39
i-0754dbfb057058256,c6i.large,chronusconsole01-prod-usa-aws,0.56,8.26,42.81,IDLE,SEVERE_UNDERUTIL,TERMINATE_OR_DOWNSIZE_2_SIZES,36.39
i-08bcd5b5f30c0a3bc,c6i.large,iupushstore01-prod-usa-aws,1.25,8.92,42.81,IDLE,SEVERE_UNDERUTIL,TERMINATE_OR_DOWNSIZE_2_SIZES,36.39
i-0f6eee7407b47000f,c6i.large,iupushusercenter02-prod-usa-aws,0.95,8.64,42.81,IDLE,SEVERE_UNDERUTIL,TERMINATE_OR_DOWNSIZE_2_SIZES,36.39
i-0be6dc7627d9fe923,c6i.large,iupushusercenter01-prod-usa-aws,0.99,9.66,42.81,IDLE,SEVERE_UNDERUTIL,TERMINATE_OR_DOWNSIZE_2_SIZES,36.39
i-0ffec39604ee3e5ee,c6i.large,iupushaid01-prod-usa-aws,1.25,8.85,42.81,IDLE,SEVERE_UNDERUTIL,TERMINATE_OR_DOWNSIZE_2_SIZES,36.39
i-00c727a1f77d28480,c6i.large,iupushemail02-prod-usa-aws,1.86,9.55,42.81,IDLE,SEVERE_UNDERUTIL,TERMINATE_OR_DOWNSIZE_2_SIZES,36.39
i-011b8e70c3c950953,c6i.large,iupushstore02-prod-usa-aws,1.34,9.8,42.81,IDLE,SEVERE_UNDERUTIL,TERMINATE_OR_DOWNSIZE_2_SIZES,36.39
i-0ac9688bfc1ac4148,c6i.large,luckyoapiproxy01-prod-usa-aws,0.73,8.08,42.81,IDLE,SEVERE_UNDERUTIL,TERMINATE_OR_DOWNSIZE_2_SIZES,36.39
i-08d4f53e2598192c9,c6i.large,luckydownload01-prod-usa-aws,0.32,8.51,42.81,IDLE,SEVERE_UNDERUTIL,TERMINATE_OR_DOWNSIZE_2_SIZES,36.39
i-0bb44b4ed217905b0,c6i.large,lpluginbackend01-prod-usa-aws,0.56,9.97,42.81,IDLE,SEVERE_UNDERUTIL,TERMINATE_OR_DOWNSIZE_2_SIZES,36.39
i-01d770274c5e7a3fb,c6i.large,lsopnexus01-prod-usa-aws,0.37,7.77,42.81,IDLE,SEVERE_UNDERUTIL,TERMINATE_OR_DOWNSIZE_2_SIZES,36.39
i-0b534dd92595d267c,c6i.large,lflowbackend01-prod-usa-aws,0.38,9.84,42.81,IDLE,SEVERE_UNDERUTIL,TERMINATE_OR_DOWNSIZE_2_SIZES,36.39
i-08b16505698d13295,c6i.large,luckylfeetcd02-prod-usa-aws,0.75,9.3,42.81,IDLE,SEVERE_UNDERUTIL,TERMINATE_OR_DOWNSIZE_2_SIZES,36.39
i-0f3c16052b4d68564,c6i.large,luckylfeetcd01-prod-usa-aws,0.77,9.31,42.81,IDLE,SEVERE_UNDERUTIL,TERMINATE_OR_DOWNSIZE_2_SIZES,36.39
i-0b5185b20d2783783,c6i.large,dnscheck01-prod-usa-aws,0.31,7.79,42.81,IDLE,SEVERE_UNDERUTIL,TERMINATE_OR_DOWNSIZE_2_SIZES,36.39
i-0c79faf1f47eff8b7,c6i.large,dnsserver01-prod-usa-aws,1.02,8.41,42.81,IDLE,SEVERE_UNDERUTIL,TERMINATE_OR_DOWNSIZE_2_SIZES,36.39
i-0dd3783d54e8023f5,c6i.large,uam01-prod-usa-aws,0.32,8.66,42.81,IDLE,SEVERE_UNDERUTIL,TERMINATE_OR_DOWNSIZE_2_SIZES,36.39
i-01f3ade340c587f58,c6i.large,iluckycdn01-prod-usa-aws,0.32,7.88,42.81,IDLE,SEVERE_UNDERUTIL,TERMINATE_OR_DOWNSIZE_2_SIZES,36.39
i-095f7bb2b3447d8e3,c6i.large,lfeweb01-prod-usa-aws,0.31,7.61,42.81,IDLE,SEVERE_UNDERUTIL,TERMINATE_OR_DOWNSIZE_2_SIZES,36.39
i-016e61ad7eb104288,c6i.large,ldasopenapi01-prod-usa-aws,0.45,7.7,42.81,IDLE,SEVERE_UNDERUTIL,TERMINATE_OR_DOWNSIZE_2_SIZES,36.39
i-0d76b68013caf97d3,c6i.large,ldasgateway01-prod-usa-aws,0.49,6.15,42.81,IDLE,SEVERE_UNDERUTIL,TERMINATE_OR_DOWNSIZE_2_SIZES,36.39
i-00209fb4fe0f49e5d,c6i.large,dbmssqlaudit01-prod-usa-aws,0.48,7.83,42.81,IDLE,SEVERE_UNDERUTIL,TERMINATE_OR_DOWNSIZE_2_SIZES,36.39
i-043b17fba963bba1d,c6i.large,ildbquery01-prod-usa-aws,0.48,8.6,42.81,IDLE,SEVERE_UNDERUTIL,TERMINATE_OR_DOWNSIZE_2_SIZES,36.39
i-00f51763e02acf9f8,c6i.large,umbconsul01-prod-usa-aws,0.78,9.65,42.81,IDLE,SEVERE_UNDERUTIL,TERMINATE_OR_DOWNSIZE_2_SIZES,36.39
i-0387d883c63a06bdb,c6i.large,luckybsportal01-prod-usa-aws,0.35,7.72,42.81,IDLE,SEVERE_UNDERUTIL,TERMINATE_OR_DOWNSIZE_2_SIZES,36.39
i-0a11d2803bb11b10b,c6i.large,chronusconsole02-prod-usa-aws,0.54,8.68,42.81,IDLE,SEVERE_UNDERUTIL,TERMINATE_OR_DOWNSIZE_2_SIZES,36.39
i-05d07d1e2dbdaf493,c6i.large,chronussharding02-prod-usa-aws,0.49,8.99,42.81,IDLE,SEVERE_UNDERUTIL,TERMINATE_OR_DOWNSIZE_2_SIZES,36.39
i-0e069b1496c895862,c6i.large,izeusnotice01-prod-usa-aws,0.53,8.05,42.81,IDLE,SEVERE_UNDERUTIL,TERMINATE_OR_DOWNSIZE_2_SIZES,36.39
i-0c7cae81fb4803929,c6i.large,iupushnetmanager01-prod-usa-aws,0.6,8.32,42.81,IDLE,SEVERE_UNDERUTIL,TERMINATE_OR_DOWNSIZE_2_SIZES,36.39
i-081beb9e0f6f71913,c6i.large,iupushaid02-prod-usa-aws,1.23,9.28,42.81,IDLE,SEVERE_UNDERUTIL,TERMINATE_OR_DOWNSIZE_2_SIZES,36.39
i-0c04d5d3125c12c8d,c6i.large,iupushnetmanager02-prod-usa-aws,0.6,9.07,42.81,IDLE,SEVERE_UNDERUTIL,TERMINATE_OR_DOWNSIZE_2_SIZES,36.39
i-098d16b2e07903a0f,c6i.large,luckyapigatewayadmin01-prod-usa-aws,1.01,9.73,42.81,IDLE,SEVERE_UNDERUTIL,TERMINATE_OR_DOWNSIZE_2_SIZES,36.39
i-03698d4eca577554d,c6i.large,icyberdata02-prod-usa-aws,1.54,8.97,42.81,IDLE,SEVERE_UNDERUTIL,TERMINATE_OR_DOWNSIZE_2_SIZES,36.39
i-046dac493da1ffe2f,c6i.large,icyberdata04-prod-usa-aws,1.63,9.34,42.81,IDLE,SEVERE_UNDERUTIL,TERMINATE_OR_DOWNSIZE_2_SIZES,36.39
i-07623466919ff14b7,c6i.large,skywalkingui01-prod-usa-aws,0.35,9.92,42.81,IDLE,SEVERE_UNDERUTIL,TERMINATE_OR_DOWNSIZE_2_SIZES,36.39
i-0a6f1534f1adc7bd0,c6i.large,icyberdata03-prod-usa-aws,1.6,8.94,42.81,IDLE,SEVERE_UNDERUTIL,TERMINATE_OR_DOWNSIZE_2_SIZES,36.39
i-06e7301a6e3f28df4,c6i.large,isredify01-prod-usa-aws,0.33,1.16,42.81,IDLE,SEVERE_UNDERUTIL,TERMINATE_OR_DOWNSIZE_2_SIZES,36.39
i-08b7e6b21c7162f6e,c6i.large,koalaadmin03-prod-usa-aws,1.09,9.13,42.81,IDLE,SEVERE_UNDERUTIL,TERMINATE_OR_DOWNSIZE_2_SIZES,36.39
i-0047137d18fc77c35,c5.large,velodb-agent-0dce7ca7770422d33,1.75,4.09,42.81,IDLE,SEVERE_UNDERUTIL,TERMINATE_OR_DOWNSIZE_2_SIZES,36.39
i-03291a7d0fefa9879,c6i.large,idongyaotest01-prod-usa-aws,0.3,8.31,42.81,IDLE,SEVERE_UNDERUTIL,TERMINATE_OR_DOWNSIZE_2_SIZES,36.39
i-033068cd07b316269,c6i.large,ucpmanagement01-prod-usa-aws,0.3,8.7,42.81,IDLE,SEVERE_UNDERUTIL,TERMINATE_OR_DOWNSIZE_2_SIZES,36.39
i-0cae4cf19df11e292,c6i.large,koalatimer02-prod-usa-aws,0.97,8.25,42.81,IDLE,SEVERE_UNDERUTIL,TERMINATE_OR_DOWNSIZE_2_SIZES,36.39
i-0af55ffb2fd7990e0,c6i.large,koalatimer01-prod-usa-aws,1.04,9.73,42.81,IDLE,SEVERE_UNDERUTIL,TERMINATE_OR_DOWNSIZE_2_SIZES,36.39
i-0d09bb3bcdfa9026b,c6i.large,koalaadmin04-prod-usa-aws,0.95,9.37,42.81,IDLE,SEVERE_UNDERUTIL,TERMINATE_OR_DOWNSIZE_2_SIZES,36.39
i-06877d89e11cda005,c6i.large,idataccm01-prod-usa-aws,0.39,7.72,42.81,IDLE,SEVERE_UNDERUTIL,TERMINATE_OR_DOWNSIZE_2_SIZES,36.39
i-09f6b99987408ad82,c6i.large,luckyci01-prod-usa-aws,0.3,8.46,42.81,IDLE,SEVERE_UNDERUTIL,TERMINATE_OR_DOWNSIZE_2_SIZES,36.39
i-03edf36332fd7a2fe,c6i.large,lfetools03-prod-usa-aws,0.45,7.19,42.81,IDLE,SEVERE_UNDERUTIL,TERMINATE_OR_DOWNSIZE_2_SIZES,36.39
i-010c73c052fc1db0d,c6i.large,iluckyhealth01-prod-usa-aws,0.78,8.94,42.81,IDLE,SEVERE_UNDERUTIL,TERMINATE_OR_DOWNSIZE_2_SIZES,36.39
i-001ed8cba3cbe7f76,c6i.large,idoris01-prod-usa-aws,0.51,6.39,42.81,IDLE,SEVERE_UNDERUTIL,TERMINATE_OR_DOWNSIZE_2_SIZES,36.39
i-0774de4ea64e041d1,c6i.large,luckyoapiproxy02-prod-usa-aws,0.71,7.57,42.81,IDLE,SEVERE_UNDERUTIL,TERMINATE_OR_DOWNSIZE_2_SIZES,36.39
i-074a038eb3257e8b2,c6i.large,luckyapigatewayadmin02-prod-usa-aws,1.0,9.57,42.81,IDLE,SEVERE_UNDERUTIL,TERMINATE_OR_DOWNSIZE_2_SIZES,36.39
i-02d4ea4bbab7fd574,c6i.large,iluckydifyjump01-prod-usa-aws,0.3,7.92,42.81,IDLE,SEVERE_UNDERUTIL,TERMINATE_OR_DOWNSIZE_2_SIZES,36.39
i-0db63098640fed101,c6i.large,izeusnotice02-prod-usa-aws,0.51,7.88,42.81,IDLE,SEVERE_UNDERUTIL,TERMINATE_OR_DOWNSIZE_2_SIZES,36.39
i-0a087137a6a9d4e55,c6i.large,iluckinlooker01-prod-usa-aws,0.83,8.02,42.81,IDLE,SEVERE_UNDERUTIL,TERMINATE_OR_DOWNSIZE_2_SIZES,36.39
i-0c740dc9a4146d6ef,c6i.large,iluckinlooker02-prod-usa-aws,0.84,8.42,42.81,IDLE,SEVERE_UNDERUTIL,TERMINATE_OR_DOWNSIZE_2_SIZES,36.39
i-01d0aa16a98881bd1,c6i.large,udaconductor02-prod-usa-aws,0.3,8.5,42.81,IDLE,SEVERE_UNDERUTIL,TERMINATE_OR_DOWNSIZE_2_SIZES,36.39
i-06c3cd014ddf9afa9,c6i.large,luckydevops01-prod-usa-aws,0.29,7.44,42.81,IDLE,SEVERE_UNDERUTIL,TERMINATE_OR_DOWNSIZE_2_SIZES,36.39
i-0c2e76c76d39dca06,c6i.large,umbalertmanager02-prod-usa-aws,0.72,8.21,42.81,IDLE,SEVERE_UNDERUTIL,TERMINATE_OR_DOWNSIZE_2_SIZES,36.39
i-0cdca3c4e319cb3a8,c6i.large,umbalertmanager03-prod-usa-aws,0.74,8.93,42.81,IDLE,SEVERE_UNDERUTIL,TERMINATE_OR_DOWNSIZE_2_SIZES,36.39
i-07c218beeb526fd77,c6i.large,lfeserver07-prod-usa-aws,0.57,9.25,42.81,IDLE,SEVERE_UNDERUTIL,TERMINATE_OR_DOWNSIZE_2_SIZES,36.39
i-096f6e7e5af4e7b83,c6i.large,umbgrafana03-prod-usb-aws,0.62,8.09,42.81,IDLE,SEVERE_UNDERUTIL,TERMINATE_OR_DOWNSIZE_2_SIZES,36.39
i-0ccb5440e68ddb6e2,c6i.large,lsopgrafana01-prod-usa-aws,0.33,7.81,42.81,IDLE,SEVERE_UNDERUTIL,TERMINATE_OR_DOWNSIZE_2_SIZES,36.39
i-0a59eb2ddb9d1e100,c6i.large,ilsopdevopsdata01-prod-usa-aws,0.34,8.32,42.81,IDLE,SEVERE_UNDERUTIL,TERMINATE_OR_DOWNSIZE_2_SIZES,36.39
i-06b3b72d38758f97f,c6i.large,ilsopdevopsdata02-prod-usa-aws,0.34,6.15,42.81,IDLE,SEVERE_UNDERUTIL,TERMINATE_OR_DOWNSIZE_2_SIZES,36.39
i-01e0ee9e752caac31,m4.xlarge,luckysslvpn01-prod-usa-aws,3.76,8.17,100.74,LOW_LOAD,SEVERE_UNDERUTIL,RIGHTSIZE,30.22
i-050f4f4a41c40fb11,m5.xlarge,unnamed,14.81,27.39,96.71,LOW_LOAD,RIGHT_SIZED,RIGHTSIZE,29.01
i-054654cddc0131ead,m5.xlarge,unnamed,13.71,24.04,96.71,LOW_LOAD,RIGHT_SIZED,RIGHTSIZE,29.01
i-0f6bb5f9b8560e8e8,m5.xlarge,unnamed,11.93,43.56,96.71,LOW_LOAD,RIGHT_SIZED,RIGHTSIZE,29.01
i-00682a6798536adab,m5.xlarge,unnamed,12.26,66.3,96.71,LOW_LOAD,RIGHT_SIZED,RIGHTSIZE,29.01
i-0bf12654cf21b944e,m5.xlarge,unnamed,19.64,38.83,96.71,LOW_LOAD,RIGHT_SIZED,RIGHTSIZE,29.01
i-0d9b1e751b082509e,m6a.xlarge,unnamed,10.44,28.57,87.04,LOW_LOAD,RIGHT_SIZED,RIGHTSIZE,26.11
i-0a1e3602ff0d0cccf,m6a.xlarge,unnamed,9.92,32.17,87.04,LOW_LOAD,UNDERUTIL,RIGHTSIZE,26.11
i-0f566478f38407460,c6i.xlarge,luckyjump01-prod-usa-aws,2.96,43.83,85.63,LOW_LOAD,UNDERUTIL,RIGHTSIZE,25.69
i-00470541e06188567,c6i.xlarge,dbtools01-prod-usa-aws,5.4,15.24,85.63,LOW_LOAD,UNDERUTIL,RIGHTSIZE,25.69
i-0e1e0814e8b43651e,c6i.xlarge,lfeserver05-prod-usa-aws,2.01,9.18,85.63,LOW_LOAD,SEVERE_UNDERUTIL,RIGHTSIZE,25.69
i-007c516c055019cdb,c6i.xlarge,ibasicmetrics03-prod-usa-aws,4.17,29.19,85.63,LOW_LOAD,UNDERUTIL,RIGHTSIZE,25.69
i-0e553e2d8911211fe,c6i.xlarge,ibasicmetrics01-prod-usa-aws,4.06,28.69,85.63,LOW_LOAD,UNDERUTIL,RIGHTSIZE,25.69
i-0ce5f18ac4875cda4,c6i.xlarge,ibasicmetrics02-prod-usa-aws,4.15,28.91,85.63,LOW_LOAD,UNDERUTIL,RIGHTSIZE,25.69
i-099035a356b556584,c6i.xlarge,ibasicmetrics04-prod-usa-aws,3.0,27.73,85.63,LOW_LOAD,UNDERUTIL,RIGHTSIZE,25.69
i-07f562ec342398e35,c6i.xlarge,ibasicmetrics05-prod-usa-aws,3.03,27.63,85.63,LOW_LOAD,UNDERUTIL,RIGHTSIZE,25.69
i-021550e177c7adf2e,c6i.large,iluckyauthgrafana01-prod-usb-aws,0.36,10.11,42.81,IDLE,SEVERE_UNDERUTIL,DOWNSIZE_1_SIZE,21.41
i-0d126999b0254f408,c6i.large,lsopopenapi01-prod-usa-aws,0.38,10.77,42.81,IDLE,SEVERE_UNDERUTIL,DOWNSIZE_1_SIZE,21.41
i-02d3671f3ecce09ed,c6i.large,udaconductor01-prod-usa-aws,0.71,11.4,42.81,IDLE,SEVERE_UNDERUTIL,DOWNSIZE_1_SIZE,21.41
i-0db90c526cc880666,c6i.large,luckylkfeservice01-prod-usa-aws,1.99,12.24,42.81,IDLE,SEVERE_UNDERUTIL,DOWNSIZE_1_SIZE,21.41
i-053a373c718d37552,c6i.large,lmessagecenter01-prod-usa-aws,0.31,10.64,42.81,IDLE,SEVERE_UNDERUTIL,DOWNSIZE_1_SIZE,21.41
i-098c0b6e76d57f298,c6i.large,luckysddladmin02-prod-usa-aws,0.62,25.59,42.81,IDLE,UNDERUTIL,DOWNSIZE_1_SIZE,21.41
i-0679ed96df23df9b6,c6i.large,luckyulog01-prod-usa-aws,0.82,10.57,42.81,IDLE,SEVERE_UNDERUTIL,DOWNSIZE_1_SIZE,21.41
i-067f58b24c7265928,c6i.large,iluckyldasweb01-prod-usa-aws,0.53,15.69,42.81,IDLE,SEVERE_UNDERUTIL,DOWNSIZE_1_SIZE,21.41
i-05b794f015612ee0e,c6i.large,luckygaea01-prod-usa-aws,1.25,25.72,42.81,IDLE,UNDERUTIL,DOWNSIZE_1_SIZE,21.41
i-0c893cf6b9fb6ac88,c6i.large,kbx01-prod-usa-aws,0.8,47.22,42.81,IDLE,UNDERUTIL,DOWNSIZE_1_SIZE,21.41
i-02f275e8f6be51515,c6i.large,luckymdmadmin01-prod-usa-aws,0.89,53.68,42.81,IDLE,UNDERUTIL,DOWNSIZE_1_SIZE,21.41
i-02091b01a13945c1a,c6i.large,imdmext01-prod-usa-aws,0.76,30.71,42.81,IDLE,UNDERUTIL,DOWNSIZE_1_SIZE,21.41
i-0c08b53108af70a09,c6i.large,luckymdmadmin02-prod-usa-aws,0.88,56.34,42.81,IDLE,UNDERUTIL,DOWNSIZE_1_SIZE,21.41
i-041b4ce0be6296a68,c6i.large,luckymdm01-prod-usa-aws,0.88,64.21,42.81,IDLE,UNDERUTIL,DOWNSIZE_1_SIZE,21.41
i-03307398e642b8a1b,c6i.large,izeushome01-prod-usa-aws,0.6,52.14,42.81,IDLE,UNDERUTIL,DOWNSIZE_1_SIZE,21.41
i-0a65d6a880d3e0e52,c6i.large,iupushadmin01-prod-usa-aws,0.63,56.14,42.81,IDLE,UNDERUTIL,DOWNSIZE_1_SIZE,21.41
i-07452e01c814edc3b,c6i.large,iupushproxy02-prod-usa-aws,0.84,25.87,42.81,IDLE,UNDERUTIL,DOWNSIZE_1_SIZE,21.41
i-07a3041bc7afa6ac5,c6i.large,llogkibana01-prod-usa-aws,0.37,10.59,42.81,IDLE,SEVERE_UNDERUTIL,DOWNSIZE_1_SIZE,21.41
i-098ce7e4a9405f7e7,c6i.large,iupushshare04-prod-usa-aws,1.97,11.12,42.81,IDLE,SEVERE_UNDERUTIL,DOWNSIZE_1_SIZE,21.41
i-0f4cf7c652f58cbe2,c6i.large,luckyauthadmin01-prod-usa-aws,0.32,11.05,42.81,IDLE,SEVERE_UNDERUTIL,DOWNSIZE_1_SIZE,21.41
i-09d2b232a1430b412,c6i.large,lauthservice01-prod-usa-aws,0.52,10.12,42.81,IDLE,SEVERE_UNDERUTIL,DOWNSIZE_1_SIZE,21.41
i-064729514c29b5a57,c6i.large,luckyauth01-prod-usa-aws,0.76,10.41,42.81,IDLE,SEVERE_UNDERUTIL,DOWNSIZE_1_SIZE,21.41
i-06617c7fe5c7fdff6,c6i.large,luckylfeparser01-prod-usa-aws,1.65,12.37,42.81,IDLE,SEVERE_UNDERUTIL,DOWNSIZE_1_SIZE,21.41
i-09e3b5febe194d6bd,c6i.large,luckysddladmin01-prod-usa-aws,0.64,33.19,42.81,IDLE,UNDERUTIL,DOWNSIZE_1_SIZE,21.41
i-0eb883903fcf49384,c6i.large,umbgrafana01-prod-usa-aws,0.59,10.24,42.81,IDLE,SEVERE_UNDERUTIL,DOWNSIZE_1_SIZE,21.41
i-093d71738e8643c9a,c6i.large,luckyulog02-prod-usa-aws,0.83,11.31,42.81,IDLE,SEVERE_UNDERUTIL,DOWNSIZE_1_SIZE,21.41
i-05c62f32f229df214,c6i.large,luckygaea02-prod-usa-aws,1.23,25.77,42.81,IDLE,UNDERUTIL,DOWNSIZE_1_SIZE,21.41
i-09bc2cc26b58419cd,c6i.large,luckygaea03-prod-usa-aws,1.2,25.51,42.81,IDLE,UNDERUTIL,DOWNSIZE_1_SIZE,21.41
i-06cc5cf3b29768da3,c6i.large,izkdoctor01-prod-usa-aws,0.68,45.81,42.81,IDLE,UNDERUTIL,DOWNSIZE_1_SIZE,21.41
i-0dcf071d7bf0be715,c6i.large,kbx02-prod-usa-aws,0.78,45.62,42.81,IDLE,UNDERUTIL,DOWNSIZE_1_SIZE,21.41
i-081a4facecfa817bf,c6i.large,izkdoctor02-prod-usa-aws,0.68,41.93,42.81,IDLE,UNDERUTIL,DOWNSIZE_1_SIZE,21.41
i-00f372c60d0d9fdab,c6i.large,luckymdm02-prod-usa-aws,0.89,63.75,42.81,IDLE,UNDERUTIL,DOWNSIZE_1_SIZE,21.41
i-0605489dcf788fb01,c6i.large,imdmext02-prod-usa-aws,0.76,50.76,42.81,IDLE,UNDERUTIL,DOWNSIZE_1_SIZE,21.41
i-0b711f8661552d7d5,c6i.large,iupushemail01-prod-usa-aws,1.94,11.09,42.81,IDLE,SEVERE_UNDERUTIL,DOWNSIZE_1_SIZE,21.41
i-0dd2bea54d1969a16,c6i.large,iupushproxy01-prod-usa-aws,0.82,39.87,42.81,IDLE,UNDERUTIL,DOWNSIZE_1_SIZE,21.41
i-0600b8e099d2a5c7b,c6i.large,ihmonitorconsole01-prod-usa-aws,0.56,46.77,42.81,IDLE,UNDERUTIL,DOWNSIZE_1_SIZE,21.41
i-0b22f3abd8526f68f,c6i.large,iupushshare03-prod-usa-aws,1.95,10.94,42.81,IDLE,SEVERE_UNDERUTIL,DOWNSIZE_1_SIZE,21.41
i-0b17dcb249058de72,c6i.large,luckyapigateway01-prod-usa-aws,0.91,10.71,42.81,IDLE,SEVERE_UNDERUTIL,DOWNSIZE_1_SIZE,21.41
i-04f1118e69f19b6a1,c6i.large,icyberdata01-prod-usa-aws,0.83,99.93,42.81,IDLE,UNDERUTIL,DOWNSIZE_1_SIZE,21.41
i-094c4b9cd9a660615,c6i.large,luckyaapiproxy01-prod-usa-aws,1.14,20.23,42.81,IDLE,UNDERUTIL,DOWNSIZE_1_SIZE,21.41
i-06bb67387147fe20b,c6i.large,ildappw01-prod-usa-aws,0.37,11.22,42.81,IDLE,SEVERE_UNDERUTIL,DOWNSIZE_1_SIZE,21.41
i-03d96319a5491f1f0,c6i.large,luckyaapiproxy02-prod-usa-aws,1.19,19.6,42.81,IDLE,SEVERE_UNDERUTIL,DOWNSIZE_1_SIZE,21.41
i-0eb7eaf82e5553d08,c6i.large,izeushome02-prod-usa-aws,0.55,51.32,42.81,IDLE,UNDERUTIL,DOWNSIZE_1_SIZE,21.41
i-0e78f742a8cfdab22,c6i.large,ikafadmin01-prod-usc-aws,0.6,26.13,42.81,IDLE,UNDERUTIL,DOWNSIZE_1_SIZE,21.41
i-06fc986a73d97b055,t3.large,luckin-prod-us-sec-honeypot-sensor-nonlsop-01,0.15,44.62,41.91,IDLE,UNDERUTIL,DOWNSIZE_1_SIZE,20.95
i-03b55db31f37cc443,c6i.large,luckynacos01-prod-usa-aws,2.7,11.52,42.81,LOW_LOAD,SEVERE_UNDERUTIL,RIGHTSIZE,12.84
i-09c437f59e65cbe27,c6i.large,luckyuparse02-prod-usa-aws,3.45,13.71,42.81,LOW_LOAD,SEVERE_UNDERUTIL,RIGHTSIZE,12.84
i-04222252ddc0a3744,c6i.large,iupushnetport02-prod-usa-aws,2.18,11.21,42.81,LOW_LOAD,SEVERE_UNDERUTIL,RIGHTSIZE,12.84
i-060118805e8300703,c6i.large,iumbcustomcollector01-prod-usa-aws,2.57,10.02,42.81,LOW_LOAD,SEVERE_UNDERUTIL,RIGHTSIZE,12.84
i-03c1ea0edffc62ce3,c6i.large,iupushapp01-prod-usa-aws,8.03,20.38,42.81,LOW_LOAD,UNDERUTIL,RIGHTSIZE,12.84
i-06c77cf5c721af249,c6i.large,iupushsms01-prod-usa-aws,3.55,82.28,42.81,LOW_LOAD,UNDERUTIL,RIGHTSIZE,12.84
i-073791cf706c6add9,c6i.large,luckynacos02-prod-usa-aws,2.27,10.3,42.81,LOW_LOAD,SEVERE_UNDERUTIL,RIGHTSIZE,12.84
i-038db560efe0dd797,c6i.large,luckynacos03-prod-usa-aws,2.29,11.03,42.81,LOW_LOAD,SEVERE_UNDERUTIL,RIGHTSIZE,12.84
i-078e135a20f1696e2,c6i.large,umbnodecollector01-prod-usa-aws,6.94,14.9,42.81,LOW_LOAD,UNDERUTIL,RIGHTSIZE,12.84
i-072574405a7a613b0,c6i.large,luckyuparse01-prod-usa-aws,6.34,20.8,42.81,LOW_LOAD,UNDERUTIL,RIGHTSIZE,12.84
i-0ca26d2860f790534,c6i.large,iupushnetport01-prod-usa-aws,2.05,11.09,42.81,LOW_LOAD,SEVERE_UNDERUTIL,RIGHTSIZE,12.84
i-086899a6d1da85fa5,c6i.large,izeusreceiver01-prod-usa-aws,6.77,59.99,42.81,LOW_LOAD,UNDERUTIL,RIGHTSIZE,12.84
i-0932e08698963e2ce,c6i.large,iupushapp02-prod-usa-aws,7.94,21.97,42.81,LOW_LOAD,UNDERUTIL,RIGHTSIZE,12.84
i-06fa0401877cddb7f,c6i.large,iupushsms02-prod-usa-aws,3.6,72.8,42.81,LOW_LOAD,UNDERUTIL,RIGHTSIZE,12.84
i-0e6d4e0c728936f8f,c6i.large,iupushnetrecord01-prod-usa-aws,7.73,24.12,42.81,LOW_LOAD,UNDERUTIL,RIGHTSIZE,12.84
i-019d46c1e78269da8,c6i.large,iupushnetrecord02-prod-usa-aws,8.29,19.0,42.81,LOW_LOAD,UNDERUTIL,RIGHTSIZE,12.84
i-030a49aa5405eebc7,c6i.large,idbtask01-prod-usa-aws,2.07,2.98,42.81,LOW_LOAD,SEVERE_UNDERUTIL,RIGHTSIZE,12.84
i-07d9a91f67dc815dc,c6i.large,idbcollect01-prod-usc-aws,4.08,71.52,42.81,LOW_LOAD,UNDERUTIL,RIGHTSIZE,12.84
i-07d656a815b72b109,c6i.large,izeusreceiver02-prod-usa-aws,5.39,52.61,42.81,LOW_LOAD,UNDERUTIL,RIGHTSIZE,12.84
i-02ebdafe6c14b3c92,c6i.large,iumbcustomcollector02-prod-usa-aws,2.43,10.09,42.81,LOW_LOAD,SEVERE_UNDERUTIL,RIGHTSIZE,12.84
i-00c4adcd70727aeca,c6i.large,umbnodecollector02-prod-usa-aws,5.58,13.58,42.81,LOW_LOAD,UNDERUTIL,RIGHTSIZE,12.84
i-0b7168740da06034a,m6a.large,unnamed,32.84,66.33,43.52,NORMAL,RIGHT_SIZED,NO_ACTION,0.0
i-031550c05c4eae3e9,m6a.large,unnamed,38.15,68.81,43.52,NORMAL,RIGHT_SIZED,NO_ACTION,0.0
i-0d812309d4071771c,r6i.2xlarge,unnamed,22.04,73.73,253.86,NORMAL,RIGHT_SIZED,NO_ACTION,0.0
i-0e6865894796a4296,c6i.large,chronusreporter01-prod-usa-aws,49.49,61.77,42.81,NORMAL,RIGHT_SIZED,NO_ACTION,0.0
i-0418d2213e6688dc0,m6a.large,unnamed,33.72,64.82,43.52,NORMAL,RIGHT_SIZED,NO_ACTION,0.0
