InstanceId,InstanceType,Name,LaunchTime,AvailabilityZone,Platform,PrivateIpAddress,ASGManaged,vCPU,MemoryGB,Family
i-02e16d310a8bd8a3d,c6i.large,dnsserver02-prod-usb-aws,2025-02-14T07:15:58+00:00,us-east-1b,Linux,10.238.8.6,No,2,4,compute
i-0be9616720a6290ea,c6i.large,luckyuam01-prod-usb-aws,2025-07-24T14:42:03+00:00,us-east-1b,Linux,10.238.8.157,No,2,4,compute
i-021550e177c7adf2e,c6i.large,iluckyauthgrafana01-prod-usb-aws,2025-02-26T09:03:15+00:00,us-east-1b,Linux,10.238.8.155,No,2,4,compute
i-01035a615a5fc5f4d,c6i.xlarge,luckyad02-prod-usb-aws,2025-02-10T08:12:33+00:00,us-east-1b,windows,10.238.8.29,No,4,8,compute
i-0d9b1e751b082509e,m6a.xlarge,unnamed,2025-03-18T03:36:14+00:00,us-east-1b,Linux,10.238.66.242,No,4,16,general
i-0b7168740da06034a,m6a.large,unnamed,2025-03-18T03:33:36+00:00,us-east-1b,Linux,10.238.67.68,No,2,8,general
i-031550c05c4eae3e9,m6a.large,unnamed,2025-03-18T03:33:36+00:00,us-east-1b,Linux,10.238.67.240,No,2,8,general
i-0f5b8098e2098d6ec,r6i.2xlarge,unnamed,2025-03-20T08:24:30+00:00,us-east-1b,Linux,10.238.66.111,No,8,64,memory
i-0d812309d4071771c,r6i.2xlarge,unnamed,2025-03-20T08:15:50+00:00,us-east-1b,Linux,10.238.66.140,No,8,64,memory
i-0f566478f38407460,c6i.xlarge,luckyjump01-prod-usa-aws,2025-02-10T08:43:48+00:00,us-east-1a,windows,10.238.3.141,No,4,8,compute
i-09e38bdb8f14e38de,c6i.large,luckydevops-01-prod-usa-aws,2025-02-11T07:29:37+00:00,us-east-1a,Linux,10.238.3.158,No,2,4,compute
i-0d126999b0254f408,c6i.large,lsopopenapi01-prod-usa-aws,2025-02-11T07:30:15+00:00,us-east-1a,Linux,10.238.3.35,No,2,4,compute
i-05385620b1f653246,c6i.xlarge,lsoptree01-prod-usa-aws,2025-02-11T06:18:36+00:00,us-east-1a,Linux,10.238.3.144,No,4,8,compute
i-02d3671f3ecce09ed,c6i.large,udaconductor01-prod-usa-aws,2025-02-11T07:29:58+00:00,us-east-1a,Linux,10.238.3.170,No,2,4,compute
i-0ee8448158391dc2c,c6i.large,luckylfeetcd03-prod-usa-aws,2025-02-11T13:27:23+00:00,us-east-1a,Linux,10.238.3.71,No,2,4,compute
i-02d581d2a34f57e88,c6i.large,lfetools01-prod-usa-aws,2025-02-11T13:43:25+00:00,us-east-1a,Linux,10.238.2.39,No,2,4,compute
i-0bb716251f58c35dd,m4.large,dnsweb01-prod-usa-aws,2025-02-13T03:36:36+00:00,us-east-1a,Linux,10.238.3.118,No,2,8,general
i-0e1f5f1fb0e7e9696,c6i.large,ucarudacheckspringboot01-prod-usa-aws,2025-02-14T10:20:51+00:00,us-east-1a,Linux,10.238.3.244,No,2,4,compute
i-041f47fb4438f2362,c6i.large,luckyjump02-prod-usa-aws,2025-02-17T06:43:42+00:00,us-east-1a,Linux,10.238.3.67,No,2,4,compute
i-0db90c526cc880666,c6i.large,luckylkfeservice01-prod-usa-aws,2025-02-19T05:47:08+00:00,us-east-1a,Linux,10.238.2.119,No,2,4,compute
i-075a1aa456b23f3d4,c6i.large,lfewafmanager01-prod-usa-aws,2025-02-19T05:47:16+00:00,us-east-1a,Linux,10.238.2.162,No,2,4,compute
i-00470541e06188567,c6i.xlarge,dbtools01-prod-usa-aws,2025-02-19T10:27:04+00:00,us-east-1a,Linux,10.238.3.136,No,4,8,compute
i-0ad5c2039a83c8752,c6i.large,ildasnacos01-prod-usa-aws,2025-02-20T02:07:09+00:00,us-east-1a,Linux,10.238.4.222,No,2,4,compute
i-00a0a6a884565880e,c6i.large,ldascmdb01-prod-usa-aws,2025-02-21T02:57:55+00:00,us-east-1a,Linux,10.238.3.224,No,2,4,compute
i-053a373c718d37552,c6i.large,lmessagecenter01-prod-usa-aws,2025-02-21T03:00:21+00:00,us-east-1a,Linux,10.238.3.20,No,2,4,compute
i-0a53ce8879a1c9fcc,c6i.large,ilsqlaudit01-prod-usa-aws,2025-02-21T02:57:04+00:00,us-east-1a,Linux,10.238.3.116,No,2,4,compute
i-05b4d888d076aee02,c6i.xlarge,luckycronzk03-prod-usa-aws,2025-02-21T07:02:43+00:00,us-east-1a,Linux,10.238.17.55,No,4,8,compute
i-0203a2c0d36725ca7,c6i.xlarge,luckycronzk02-prod-usa-aws,2025-02-21T07:02:42+00:00,us-east-1a,Linux,10.238.22.204,No,4,8,compute
i-006ba888e38bddea7,c6i.xlarge,luckycronzk01-prod-usa-aws,2025-02-21T07:02:41+00:00,us-east-1a,Linux,10.238.22.0,No,4,8,compute
i-066e448382c764434,c6i.xlarge,luckybasezk02-prod-usa-aws,2025-02-21T07:02:09+00:00,us-east-1a,Linux,10.238.22.131,No,4,8,compute
i-03b55db31f37cc443,c6i.large,luckynacos01-prod-usa-aws,2025-02-21T09:12:51+00:00,us-east-1a,Linux,10.238.3.83,No,2,4,compute
i-050f4f4a41c40fb11,m5.xlarge,unnamed,2025-02-24T08:43:53+00:00,us-east-1a,Linux,10.238.3.219,No,4,16,general
i-054654cddc0131ead,m5.xlarge,unnamed,2025-02-24T08:43:52+00:00,us-east-1a,Linux,10.238.3.111,No,4,16,general
i-098c0b6e76d57f298,c6i.large,luckysddladmin02-prod-usa-aws,2025-02-24T10:40:21+00:00,us-east-1a,Linux,10.238.3.148,No,2,4,compute
i-001b50245fcf25e92,c6i.large,umbalertmanager01-prod-usa-aws,2025-02-25T02:03:43+00:00,us-east-1a,Linux,10.238.3.78,No,2,4,compute
i-0679ed96df23df9b6,c6i.large,luckyulog01-prod-usa-aws,2025-02-26T12:23:58+00:00,us-east-1a,Linux,10.238.3.232,No,2,4,compute
i-067f58b24c7265928,c6i.large,iluckyldasweb01-prod-usa-aws,2025-02-26T10:38:34+00:00,us-east-1a,Linux,10.238.3.218,No,2,4,compute
i-09c437f59e65cbe27,c6i.large,luckyuparse02-prod-usa-aws,2025-02-26T06:55:55+00:00,us-east-1a,Linux,10.238.3.214,No,2,4,compute
i-050d65a5a7e99be83,c6i.large,luckyozono01-prod-usa-aws,2025-02-27T03:28:13+00:00,us-east-1a,Linux,10.238.3.205,No,2,4,compute
i-05b794f015612ee0e,c6i.large,luckygaea01-prod-usa-aws,2025-02-27T07:15:38+00:00,us-east-1a,Linux,10.238.3.230,No,2,4,compute
i-0a2f4fefc5a8ed554,c6i.xlarge,luckydatalink01-prod-usa-aws,2025-03-03T05:50:49+00:00,us-east-1a,Linux,10.238.3.233,No,4,8,compute
i-0daa13e17965ca6ba,c6i.xlarge,luckydatalinkmanager01-prod-usa-aws,2025-03-03T05:50:37+00:00,us-east-1a,Linux,10.238.3.209,No,4,8,compute
i-064424801d40bdcae,c6i.large,luckybsportal02-prod-usa-aws,2025-03-03T08:41:26+00:00,us-east-1a,Linux,10.238.3.100,No,2,4,compute
i-006c0cb094f563b57,c6i.large,chronussharding01-prod-usa-aws,2025-03-03T11:07:23+00:00,us-east-1a,Linux,10.238.3.165,No,2,4,compute
i-0754dbfb057058256,c6i.large,chronusconsole01-prod-usa-aws,2025-03-03T11:04:29+00:00,us-east-1a,Linux,10.238.3.22,No,2,4,compute
i-0c893cf6b9fb6ac88,c6i.large,kbx01-prod-usa-aws,2025-03-03T11:08:33+00:00,us-east-1a,Linux,10.238.3.122,No,2,4,compute
i-0e6865894796a4296,c6i.large,chronusreporter01-prod-usa-aws,2025-03-03T11:07:44+00:00,us-east-1a,Linux,10.238.3.235,No,2,4,compute
i-02f275e8f6be51515,c6i.large,luckymdmadmin01-prod-usa-aws,2025-03-04T05:42:46+00:00,us-east-1a,Linux,10.238.3.47,No,2,4,compute
i-02091b01a13945c1a,c6i.large,imdmext01-prod-usa-aws,2025-03-04T05:43:36+00:00,us-east-1a,Linux,10.238.3.14,No,2,4,compute
i-0c08b53108af70a09,c6i.large,luckymdmadmin02-prod-usa-aws,2025-03-04T05:42:48+00:00,us-east-1a,Linux,10.238.3.69,No,2,4,compute
i-041b4ce0be6296a68,c6i.large,luckymdm01-prod-usa-aws,2025-03-04T05:43:13+00:00,us-east-1a,Linux,10.238.3.90,No,2,4,compute
i-04222252ddc0a3744,c6i.large,iupushnetport02-prod-usa-aws,2025-03-04T10:08:16+00:00,us-east-1a,Linux,10.238.3.107,No,2,4,compute
i-060118805e8300703,c6i.large,iumbcustomcollector01-prod-usa-aws,2025-03-05T04:20:21+00:00,us-east-1a,Linux,10.238.3.46,No,2,4,compute
i-03307398e642b8a1b,c6i.large,izeushome01-prod-usa-aws,2025-03-05T09:48:52+00:00,us-east-1a,Linux,10.238.3.204,No,2,4,compute
i-0a65d6a880d3e0e52,c6i.large,iupushadmin01-prod-usa-aws,2025-03-05T09:57:10+00:00,us-east-1a,Linux,10.238.3.130,No,2,4,compute
i-08bcd5b5f30c0a3bc,c6i.large,iupushstore01-prod-usa-aws,2025-03-05T12:08:43+00:00,us-east-1a,Linux,10.238.3.188,No,2,4,compute
i-0f6eee7407b47000f,c6i.large,iupushusercenter02-prod-usa-aws,2025-03-05T12:42:50+00:00,us-east-1a,Linux,10.238.3.30,No,2,4,compute
i-0be6dc7627d9fe923,c6i.large,iupushusercenter01-prod-usa-aws,2025-03-05T12:42:48+00:00,us-east-1a,Linux,10.238.3.115,No,2,4,compute
i-03c1ea0edffc62ce3,c6i.large,iupushapp01-prod-usa-aws,2025-03-05T13:32:35+00:00,us-east-1a,Linux,10.238.3.42,No,2,4,compute
i-07452e01c814edc3b,c6i.large,iupushproxy02-prod-usa-aws,2025-03-05T11:50:49+00:00,us-east-1a,Linux,10.238.3.94,No,2,4,compute
i-06c77cf5c721af249,c6i.large,iupushsms01-prod-usa-aws,2025-03-05T12:54:44+00:00,us-east-1a,Linux,10.238.3.125,No,2,4,compute
i-0ffec39604ee3e5ee,c6i.large,iupushaid01-prod-usa-aws,2025-03-05T12:49:13+00:00,us-east-1a,Linux,10.238.3.75,No,2,4,compute
i-00c727a1f77d28480,c6i.large,iupushemail02-prod-usa-aws,2025-03-05T13:00:11+00:00,us-east-1a,Linux,10.238.3.187,No,2,4,compute
i-011b8e70c3c950953,c6i.large,iupushstore02-prod-usa-aws,2025-03-05T12:08:45+00:00,us-east-1a,Linux,10.238.3.110,No,2,4,compute
i-07a3041bc7afa6ac5,c6i.large,llogkibana01-prod-usa-aws,2025-03-06T05:34:50+00:00,us-east-1a,Linux,10.238.3.184,No,2,4,compute
i-021bc3fafe2a72f6c,c6i.xlarge,iluckyemq01-prod-usa-aws,2025-03-06T09:37:53+00:00,us-east-1a,Linux,10.238.3.55,No,4,8,compute
i-098ce7e4a9405f7e7,c6i.large,iupushshare04-prod-usa-aws,2025-03-07T03:30:26+00:00,us-east-1a,Linux,10.238.3.134,No,2,4,compute
i-0ac9688bfc1ac4148,c6i.large,luckyoapiproxy01-prod-usa-aws,2025-03-07T07:35:31+00:00,us-east-1a,Linux,10.238.3.109,No,2,4,compute
i-01e0ee9e752caac31,m4.xlarge,luckysslvpn01-prod-usa-aws,2025-02-10T01:43:42+00:00,us-east-1a,Linux,10.238.3.180,No,4,16,general
i-0017ed2dc47ca8399,c6i.xlarge,luckyad01-prod-usa-aws,2025-02-10T08:06:33+00:00,us-east-1a,windows,10.238.3.242,No,4,8,compute
i-08d4f53e2598192c9,c6i.large,luckydownload01-prod-usa-aws,2025-02-11T06:58:54+00:00,us-east-1a,Linux,10.238.3.54,No,2,4,compute
i-0bb44b4ed217905b0,c6i.large,lpluginbackend01-prod-usa-aws,2025-02-11T05:55:27+00:00,us-east-1a,Linux,10.238.3.38,No,2,4,compute
i-01d770274c5e7a3fb,c6i.large,lsopnexus01-prod-usa-aws,2025-02-11T07:30:36+00:00,us-east-1a,Linux,10.238.3.12,No,2,4,compute
i-0f4cf7c652f58cbe2,c6i.large,luckyauthadmin01-prod-usa-aws,2025-02-11T05:56:36+00:00,us-east-1a,Linux,10.238.3.13,No,2,4,compute
i-09d2b232a1430b412,c6i.large,lauthservice01-prod-usa-aws,2025-02-11T05:55:02+00:00,us-east-1a,Linux,10.238.3.178,No,2,4,compute
i-064729514c29b5a57,c6i.large,luckyauth01-prod-usa-aws,2025-02-11T05:56:26+00:00,us-east-1a,Linux,10.238.3.147,No,2,4,compute
i-0b534dd92595d267c,c6i.large,lflowbackend01-prod-usa-aws,2025-02-11T05:56:15+00:00,us-east-1a,Linux,10.238.3.132,No,2,4,compute
i-0de766436a781bc22,c6i.xlarge,lcmdbservice-prod-usa-aws,2025-02-11T07:28:43+00:00,us-east-1a,Linux,10.238.3.37,No,4,8,compute
i-08b16505698d13295,c6i.large,luckylfeetcd02-prod-usa-aws,2025-02-11T13:27:16+00:00,us-east-1a,Linux,10.238.3.231,No,2,4,compute
i-0f3c16052b4d68564,c6i.large,luckylfeetcd01-prod-usa-aws,2025-02-11T13:27:08+00:00,us-east-1a,Linux,10.238.3.162,No,2,4,compute
i-0ab276f33e9d3061d,c6i.xlarge,lsopwebstatic01-prod-usa-aws,2025-02-12T05:48:16+00:00,us-east-1a,Linux,10.238.3.59,No,4,8,compute
i-0b5185b20d2783783,c6i.large,dnscheck01-prod-usa-aws,2025-02-14T01:45:22+00:00,us-east-1a,Linux,10.238.3.163,No,2,4,compute
i-0c79faf1f47eff8b7,c6i.large,dnsserver01-prod-usa-aws,2025-02-14T07:09:47+00:00,us-east-1a,Linux,10.238.3.121,No,2,4,compute
i-0dd3783d54e8023f5,c6i.large,uam01-prod-usa-aws,2025-02-17T06:48:49+00:00,us-east-1a,Linux,10.238.3.5,No,2,4,compute
i-01f3ade340c587f58,c6i.large,iluckycdn01-prod-usa-aws,2025-05-13T07:21:35+00:00,us-east-1a,Linux,10.238.3.194,No,2,4,compute
i-06617c7fe5c7fdff6,c6i.large,luckylfeparser01-prod-usa-aws,2025-02-19T05:46:44+00:00,us-east-1a,Linux,10.238.2.92,No,2,4,compute
i-095f7bb2b3447d8e3,c6i.large,lfeweb01-prod-usa-aws,2025-02-19T05:46:55+00:00,us-east-1a,Linux,10.238.2.54,No,2,4,compute
i-0e1e0814e8b43651e,c6i.xlarge,lfeserver05-prod-usa-aws,2025-02-20T02:51:17+00:00,us-east-1a,Linux,10.238.2.71,No,4,8,compute
i-0ffb4afeb3400c389,c6i.xlarge,lfeserver06-prod-usa-aws,2025-02-20T02:51:19+00:00,us-east-1a,Linux,10.238.2.149,No,4,8,compute
i-016e61ad7eb104288,c6i.large,ldasopenapi01-prod-usa-aws,2025-02-21T02:57:37+00:00,us-east-1a,Linux,10.238.3.65,No,2,4,compute
i-0f0310abb32242077,c6i.xlarge,iwafdetector01-prod-usa-aws,2025-02-21T03:00:08+00:00,us-east-1a,Linux,10.238.3.105,No,4,8,compute
i-0d76b68013caf97d3,c6i.large,ldasgateway01-prod-usa-aws,2025-02-21T02:58:24+00:00,us-east-1a,Linux,10.238.3.24,No,2,4,compute
i-00209fb4fe0f49e5d,c6i.large,dbmssqlaudit01-prod-usa-aws,2025-02-21T02:57:22+00:00,us-east-1a,Linux,10.238.3.88,No,2,4,compute
i-043b17fba963bba1d,c6i.large,ildbquery01-prod-usa-aws,2025-02-21T02:10:34+00:00,us-east-1a,Linux,10.238.3.183,No,2,4,compute
i-073791cf706c6add9,c6i.large,luckynacos02-prod-usa-aws,2025-02-21T09:12:53+00:00,us-east-1a,Linux,10.238.3.34,No,2,4,compute
i-06ed27339515e26c9,c6i.xlarge,luckybasezk03-prod-usa-aws,2025-02-21T07:02:11+00:00,us-east-1a,Linux,10.238.23.205,No,4,8,compute
i-038db560efe0dd797,c6i.large,luckynacos03-prod-usa-aws,2025-02-21T09:12:54+00:00,us-east-1a,Linux,10.238.3.62,No,2,4,compute
i-0f6ea87c519f6a9a5,c6i.xlarge,luckybasezk01-prod-usa-aws,2025-02-21T07:02:08+00:00,us-east-1a,Linux,10.238.17.237,No,4,8,compute
i-09e3b5febe194d6bd,c6i.large,luckysddladmin01-prod-usa-aws,2025-02-24T10:40:20+00:00,us-east-1a,Linux,10.238.3.39,No,2,4,compute
i-0f6bb5f9b8560e8e8,m5.xlarge,unnamed,2025-02-24T08:43:52+00:00,us-east-1a,Linux,10.238.3.172,No,4,16,general
i-00682a6798536adab,m5.xlarge,unnamed,2025-02-24T08:43:52+00:00,us-east-1a,Linux,10.238.3.66,No,4,16,general
i-0bf12654cf21b944e,m5.xlarge,unnamed,2025-02-24T08:43:52+00:00,us-east-1a,Linux,10.238.3.102,No,4,16,general
i-00f51763e02acf9f8,c6i.large,umbconsul01-prod-usa-aws,2025-02-25T02:02:05+00:00,us-east-1a,Linux,10.238.3.127,No,2,4,compute
i-0eb883903fcf49384,c6i.large,umbgrafana01-prod-usa-aws,2025-02-25T02:01:38+00:00,us-east-1a,Linux,10.238.3.95,No,2,4,compute
i-078e135a20f1696e2,c6i.large,umbnodecollector01-prod-usa-aws,2025-02-25T02:02:51+00:00,us-east-1a,Linux,10.238.3.82,No,2,4,compute
i-072574405a7a613b0,c6i.large,luckyuparse01-prod-usa-aws,2025-02-26T06:55:54+00:00,us-east-1a,Linux,10.238.3.139,No,2,4,compute
i-093d71738e8643c9a,c6i.large,luckyulog02-prod-usa-aws,2025-02-26T12:24:00+00:00,us-east-1a,Linux,10.238.3.53,No,2,4,compute
i-05c62f32f229df214,c6i.large,luckygaea02-prod-usa-aws,2025-02-27T07:15:40+00:00,us-east-1a,Linux,10.238.3.58,No,2,4,compute
i-09bc2cc26b58419cd,c6i.large,luckygaea03-prod-usa-aws,2025-02-27T07:15:41+00:00,us-east-1a,Linux,10.238.3.215,No,2,4,compute
i-0e79567aeb52e6174,c6i.xlarge,luckydatalink02-prod-usa-aws,2025-03-03T05:50:51+00:00,us-east-1a,Linux,10.238.3.246,No,4,8,compute
i-0387d883c63a06bdb,c6i.large,luckybsportal01-prod-usa-aws,2025-03-03T08:41:25+00:00,us-east-1a,Linux,10.238.3.154,No,2,4,compute
i-05955c55c931cb08b,c6i.xlarge,luckydatax01-prod-usa-aws,2025-03-03T05:51:02+00:00,us-east-1a,Linux,10.238.3.169,No,4,8,compute
i-07a73fb0e1e6f0117,c6i.xlarge,luckydatalinkmanager02-prod-usa-aws,2025-03-03T05:50:38+00:00,us-east-1a,Linux,10.238.3.173,No,4,8,compute
i-06cc5cf3b29768da3,c6i.large,izkdoctor01-prod-usa-aws,2025-03-03T11:08:45+00:00,us-east-1a,Linux,10.238.3.202,No,2,4,compute
i-0a11d2803bb11b10b,c6i.large,chronusconsole02-prod-usa-aws,2025-03-03T11:04:30+00:00,us-east-1a,Linux,10.238.3.27,No,2,4,compute
i-05d07d1e2dbdaf493,c6i.large,chronussharding02-prod-usa-aws,2025-03-03T11:07:24+00:00,us-east-1a,Linux,10.238.3.68,No,2,4,compute
i-0dcf071d7bf0be715,c6i.large,kbx02-prod-usa-aws,2025-03-03T11:08:34+00:00,us-east-1a,Linux,10.238.3.126,No,2,4,compute
i-081a4facecfa817bf,c6i.large,izkdoctor02-prod-usa-aws,2025-03-03T11:08:46+00:00,us-east-1a,Linux,10.238.3.108,No,2,4,compute
i-00f372c60d0d9fdab,c6i.large,luckymdm02-prod-usa-aws,2025-03-04T05:43:14+00:00,us-east-1a,Linux,10.238.3.56,No,2,4,compute
i-0605489dcf788fb01,c6i.large,imdmext02-prod-usa-aws,2025-03-04T05:43:38+00:00,us-east-1a,Linux,10.238.3.247,No,2,4,compute
i-0ca26d2860f790534,c6i.large,iupushnetport01-prod-usa-aws,2025-03-04T10:08:14+00:00,us-east-1a,Linux,10.238.3.229,No,2,4,compute
i-0e069b1496c895862,c6i.large,izeusnotice01-prod-usa-aws,2025-03-05T09:49:22+00:00,us-east-1a,Linux,10.238.3.189,No,2,4,compute
i-086899a6d1da85fa5,c6i.large,izeusreceiver01-prod-usa-aws,2025-03-05T09:50:09+00:00,us-east-1a,Linux,10.238.3.31,No,2,4,compute
i-02d3e15ce45e5ce63,c6i.2xlarge,skywalkingoap01-prod-usa-aws,2025-03-05T09:50:40+00:00,us-east-1a,Linux,10.238.3.237,No,8,16,compute
i-030f27cabef27fd41,c6i.2xlarge,skywalkingoap02-prod-usa-aws,2025-03-05T09:50:41+00:00,us-east-1a,Linux,10.238.3.19,No,8,16,compute
i-0c7cae81fb4803929,c6i.large,iupushnetmanager01-prod-usa-aws,2025-03-05T13:11:09+00:00,us-east-1a,Linux,10.238.3.11,No,2,4,compute
i-0932e08698963e2ce,c6i.large,iupushapp02-prod-usa-aws,2025-03-05T13:32:37+00:00,us-east-1a,Linux,10.238.3.91,No,2,4,compute
i-06fa0401877cddb7f,c6i.large,iupushsms02-prod-usa-aws,2025-03-05T12:54:45+00:00,us-east-1a,Linux,10.238.3.84,No,2,4,compute
i-081beb9e0f6f71913,c6i.large,iupushaid02-prod-usa-aws,2025-03-05T12:49:15+00:00,us-east-1a,Linux,10.238.3.49,No,2,4,compute
i-0e6d4e0c728936f8f,c6i.large,iupushnetrecord01-prod-usa-aws,2025-03-05T13:32:13+00:00,us-east-1a,Linux,10.238.3.190,No,2,4,compute
i-0c04d5d3125c12c8d,c6i.large,iupushnetmanager02-prod-usa-aws,2025-03-05T13:11:10+00:00,us-east-1a,Linux,10.238.3.74,No,2,4,compute
i-019d46c1e78269da8,c6i.large,iupushnetrecord02-prod-usa-aws,2025-03-05T13:32:14+00:00,us-east-1a,Linux,10.238.3.222,No,2,4,compute
i-0b711f8661552d7d5,c6i.large,iupushemail01-prod-usa-aws,2025-03-05T13:00:10+00:00,us-east-1a,Linux,10.238.3.206,No,2,4,compute
i-0dd2bea54d1969a16,c6i.large,iupushproxy01-prod-usa-aws,2025-03-05T11:50:48+00:00,us-east-1a,Linux,10.238.3.45,No,2,4,compute
i-0600b8e099d2a5c7b,c6i.large,ihmonitorconsole01-prod-usa-aws,2025-03-06T07:06:34+00:00,us-east-1a,Linux,10.238.3.77,No,2,4,compute
i-0b22f3abd8526f68f,c6i.large,iupushshare03-prod-usa-aws,2025-03-07T03:30:24+00:00,us-east-1a,Linux,10.238.3.243,No,2,4,compute
i-0b17dcb249058de72,c6i.large,luckyapigateway01-prod-usa-aws,2025-03-07T07:46:30+00:00,us-east-1a,Linux,10.238.3.8,No,2,4,compute
i-098d16b2e07903a0f,c6i.large,luckyapigatewayadmin01-prod-usa-aws,2025-03-07T07:47:28+00:00,us-east-1a,Linux,10.238.3.120,No,2,4,compute
i-04f1118e69f19b6a1,c6i.large,icyberdata01-prod-usa-aws,2025-03-10T03:18:10+00:00,us-east-1a,Linux,10.238.20.182,No,2,4,compute
i-03698d4eca577554d,c6i.large,icyberdata02-prod-usa-aws,2025-03-10T03:18:11+00:00,us-east-1a,Linux,10.238.18.18,No,2,4,compute
i-046dac493da1ffe2f,c6i.large,icyberdata04-prod-usa-aws,2025-03-10T03:18:13+00:00,us-east-1a,Linux,10.238.20.148,No,2,4,compute
i-07623466919ff14b7,c6i.large,skywalkingui01-prod-usa-aws,2025-03-10T04:05:15+00:00,us-east-1a,Linux,10.238.3.140,No,2,4,compute
i-0a6f1534f1adc7bd0,c6i.large,icyberdata03-prod-usa-aws,2025-03-10T03:18:12+00:00,us-east-1a,Linux,10.238.18.85,No,2,4,compute
i-094c4b9cd9a660615,c6i.large,luckyaapiproxy01-prod-usa-aws,2025-03-10T03:49:41+00:00,us-east-1a,Linux,10.238.3.211,No,2,4,compute
i-030a49aa5405eebc7,c6i.large,idbtask01-prod-usa-aws,2025-03-12T14:09:20+00:00,us-east-1a,Linux,10.238.3.174,No,2,4,compute
i-0be763e5a73c54cdd,c6i.2xlarge,ijumpserver01-prod-usa-aws,2025-04-11T02:04:01+00:00,us-east-1a,Linux,10.238.3.157,No,8,16,compute
i-04b4ad1b0469397da,r6i.4xlarge,iluckydpbi03-prod-usa-aws,2025-05-15T12:22:19+00:00,us-east-1a,Linux,10.238.65.5,No,16,128,memory
i-06e7301a6e3f28df4,c6i.large,isredify01-prod-usa-aws,2025-05-20T09:55:42+00:00,us-east-1a,Linux,10.238.3.201,No,2,4,compute
i-08b7e6b21c7162f6e,c6i.large,koalaadmin03-prod-usa-aws,2025-05-22T06:00:00+00:00,us-east-1a,Linux,10.238.3.63,No,2,4,compute
i-06bb67387147fe20b,c6i.large,ildappw01-prod-usa-aws,2025-05-27T05:37:26+00:00,us-east-1a,Linux,10.238.2.53,No,2,4,compute
i-0200660d796d20f5d,c6i.xlarge,luckycapiproxy05-prod-usa-aws,2025-06-16T09:56:28+00:00,us-east-1a,Linux,10.238.16.65,No,4,8,compute
i-0dc7d86f70c7ab1c8,c6i.xlarge,luckysapiproxy02-prod-usa-aws,2025-06-16T09:56:20+00:00,us-east-1a,Linux,10.238.21.80,No,4,8,compute
i-0174788a2220352ad,c6i.xlarge,luckysapiproxy03-prod-usa-aws,2025-06-16T09:56:21+00:00,us-east-1a,Linux,10.238.19.160,No,4,8,compute
i-07d9a91f67dc815dc,c6i.large,idbcollect01-prod-usc-aws,2025-03-12T14:08:57+00:00,us-east-1c,Linux,10.238.10.251,No,2,4,compute
i-0047137d18fc77c35,c5.large,velodb-agent-0dce7ca7770422d33,2025-03-18T03:29:59+00:00,us-east-1b,Linux,10.238.67.235,No,2,4,compute
i-0a1e3602ff0d0cccf,m6a.xlarge,unnamed,2025-03-18T03:36:14+00:00,us-east-1b,Linux,10.238.66.109,No,4,16,general
i-0418d2213e6688dc0,m6a.large,unnamed,2025-03-18T03:33:36+00:00,us-east-1b,Linux,10.238.67.229,No,2,8,general
i-06a1989d97942d2e8,c6i.2xlarge,ireplenishment01-prod-usb-aws,2025-03-21T09:29:02+00:00,us-east-1b,Linux,10.238.24.165,No,8,16,compute
i-0df072d14c4d8ebac,c6i.xlarge,luckyauth02-prod-usb-aws,2025-05-06T09:52:19+00:00,us-east-1b,Linux,10.238.26.42,No,4,8,compute
i-0a03b6fdb38be4e76,c6i.2xlarge,ijumpserver02-prod-usa-aws,2025-04-25T01:58:24+00:00,us-east-1a,Linux,10.238.3.103,No,8,16,compute
i-03291a7d0fefa9879,c6i.large,idongyaotest01-prod-usa-aws,2025-05-14T12:34:41+00:00,us-east-1a,Linux,10.238.3.239,No,2,4,compute
i-033068cd07b316269,c6i.large,ucpmanagement01-prod-usa-aws,2025-05-19T01:47:15+00:00,us-east-1a,Linux,10.238.3.223,No,2,4,compute
i-0f8d8fa6277335edf,c6i.4xlarge,ifeilianvpn01-prod-usa-aws,2025-05-20T03:35:55+00:00,us-east-1a,Linux,10.238.3.253,No,16,32,compute
i-0cae4cf19df11e292,c6i.large,koalatimer02-prod-usa-aws,2025-05-21T12:00:34+00:00,us-east-1a,Linux,10.238.3.93,No,2,4,compute
i-0af55ffb2fd7990e0,c6i.large,koalatimer01-prod-usa-aws,2025-05-21T12:00:33+00:00,us-east-1a,Linux,10.238.3.26,No,2,4,compute
i-0d09bb3bcdfa9026b,c6i.large,koalaadmin04-prod-usa-aws,2025-05-22T06:00:01+00:00,us-east-1a,Linux,10.238.3.238,No,2,4,compute
i-041edef3dc541e504,c6i.xlarge,iluckyptswebstatic01-prod-usa-aws,2025-06-03T05:40:35+00:00,us-east-1a,Linux,10.238.3.101,No,4,8,compute
i-06877d89e11cda005,c6i.large,idataccm01-prod-usa-aws,2025-06-11T01:44:49+00:00,us-east-1a,Linux,10.238.3.207,No,2,4,compute
i-09f6b99987408ad82,c6i.large,luckyci01-prod-usa-aws,2025-06-13T04:39:02+00:00,us-east-1a,Linux,10.238.3.203,No,2,4,compute
i-0507def86330ce1a9,c6i.xlarge,luckycapiproxy04-prod-usa-aws,2025-06-16T09:56:27+00:00,us-east-1a,Linux,10.238.19.143,No,4,8,compute
i-03edf36332fd7a2fe,c6i.large,lfetools03-prod-usa-aws,2025-06-26T13:10:57+00:00,us-east-1a,Linux,10.238.2.224,No,2,4,compute
i-010c73c052fc1db0d,c6i.large,iluckyhealth01-prod-usa-aws,2025-06-30T09:40:28+00:00,us-east-1a,Linux,10.238.3.28,No,2,4,compute
i-03d96319a5491f1f0,c6i.large,luckyaapiproxy02-prod-usa-aws,2025-07-30T17:38:36+00:00,us-east-1a,Linux,10.238.3.131,No,2,4,compute
i-001ed8cba3cbe7f76,c6i.large,idoris01-prod-usa-aws,2025-07-04T06:54:19+00:00,us-east-1a,Linux,10.238.23.165,No,2,4,compute
i-0774de4ea64e041d1,c6i.large,luckyoapiproxy02-prod-usa-aws,2025-07-30T17:39:26+00:00,us-east-1a,Linux,10.238.3.10,No,2,4,compute
i-074a038eb3257e8b2,c6i.large,luckyapigatewayadmin02-prod-usa-aws,2025-07-30T17:37:12+00:00,us-east-1a,Linux,10.238.3.159,No,2,4,compute
i-0dcba104461f9bc59,c6i.xlarge,ilopa01-prod-usa-aws,2025-09-09T03:34:36+00:00,us-east-1a,Linux,10.238.3.198,No,4,8,compute
i-007f9212eb65c5af3,c6i.xlarge,ilopamanager01-prod-usa-aws,2025-09-09T03:37:05+00:00,us-east-1a,Linux,10.238.3.156,No,4,8,compute
i-02d4ea4bbab7fd574,c6i.large,iluckydifyjump01-prod-usa-aws,2025-09-18T07:51:50+00:00,us-east-1a,Linux,10.238.3.92,No,2,4,compute
i-09c15ed99d5e5664c,c6i.xlarge,iapmmetrics02-prod-usa-aws,2025-09-24T02:37:47+00:00,us-east-1a,Linux,10.238.3.137,No,4,8,compute
i-007c516c055019cdb,c6i.xlarge,ibasicmetrics03-prod-usa-aws,2025-10-15T06:36:20+00:00,us-east-1a,Linux,10.238.3.6,No,4,8,compute
i-0e553e2d8911211fe,c6i.xlarge,ibasicmetrics01-prod-usa-aws,2025-10-15T06:36:17+00:00,us-east-1a,Linux,10.238.3.228,No,4,8,compute
i-0ce5f18ac4875cda4,c6i.xlarge,ibasicmetrics02-prod-usa-aws,2025-10-15T06:36:18+00:00,us-east-1a,Linux,10.238.3.254,No,4,8,compute
i-09a76a8b0f16c4c39,m6i.4xlarge,unnamed,2025-10-16T15:38:22+00:00,us-east-1a,Linux,10.238.60.192,Yes,16,64,general
i-04f5d14a1fafdea36,m6i.4xlarge,unnamed,2025-10-16T16:04:40+00:00,us-east-1a,Linux,10.238.60.117,Yes,16,64,general
i-0db63098640fed101,c6i.large,izeusnotice02-prod-usa-aws,2025-10-29T02:26:55+00:00,us-east-1a,Linux,10.238.3.177,No,2,4,compute
i-0a087137a6a9d4e55,c6i.large,iluckinlooker01-prod-usa-aws,2025-10-30T03:03:14+00:00,us-east-1a,Linux,10.238.3.25,No,2,4,compute
i-0c740dc9a4146d6ef,c6i.large,iluckinlooker02-prod-usa-aws,2025-10-30T03:03:15+00:00,us-east-1a,Linux,10.238.3.248,No,2,4,compute
i-051cc79f1007fd3c7,c6i.xlarge,iluckyauthbackend02-prod-usc-aws,2025-12-04T03:32:49+00:00,us-east-1c,Linux,10.238.10.42,No,4,8,compute
i-015d8c773030c561b,c6i.xlarge,iluckyauthbackend01-prod-usc-aws,2025-12-04T03:32:47+00:00,us-east-1c,Linux,10.238.10.240,No,4,8,compute
i-0243c16e691741665,c6i.xlarge,iapmmetrics03-prod-usa-aws,2025-09-24T02:37:48+00:00,us-east-1a,Linux,10.238.3.143,No,4,8,compute
i-0773d5b6513fb9cc9,c6i.xlarge,iapmmetrics01-prod-usa-aws,2025-09-24T02:37:46+00:00,us-east-1a,Linux,10.238.3.52,No,4,8,compute
i-05ebee32958e4dc1c,m6i.4xlarge,unnamed,2025-10-16T15:42:31+00:00,us-east-1a,Linux,10.238.60.243,Yes,16,64,general
i-07d656a815b72b109,c6i.large,izeusreceiver02-prod-usa-aws,2025-10-29T02:27:28+00:00,us-east-1a,Linux,10.238.3.175,No,2,4,compute
i-0eb7eaf82e5553d08,c6i.large,izeushome02-prod-usa-aws,2025-10-29T02:25:57+00:00,us-east-1a,Linux,10.238.3.245,No,2,4,compute
i-062d7f19b074225fa,c6i.xlarge,dbtools02-prod-usa-aws,2025-11-13T00:57:03+00:00,us-east-1a,Linux,10.238.3.43,No,4,8,compute
i-01d0aa16a98881bd1,c6i.large,udaconductor02-prod-usa-aws,2025-11-17T20:51:59+00:00,us-east-1a,Linux,10.238.3.99,No,2,4,compute
i-06c3cd014ddf9afa9,c6i.large,luckydevops01-prod-usa-aws,2025-11-17T20:51:22+00:00,us-east-1a,Linux,10.238.3.251,No,2,4,compute
i-0c155ec1f7ef90b85,c6i.xlarge,lcmdbservice05-prod-usa-aws,2025-11-18T01:41:28+00:00,us-east-1a,Linux,10.238.3.138,No,4,8,compute
i-0c2e76c76d39dca06,c6i.large,umbalertmanager02-prod-usa-aws,2025-11-20T08:19:15+00:00,us-east-1a,Linux,10.238.3.252,No,2,4,compute
i-0cdca3c4e319cb3a8,c6i.large,umbalertmanager03-prod-usa-aws,2025-11-20T08:19:16+00:00,us-east-1a,Linux,10.238.3.51,No,2,4,compute
i-00a8aa0a09849ca17,m6i.8xlarge,unnamed,2025-11-27T09:11:29+00:00,us-east-1a,Linux,10.238.13.2,Yes,32,128,general
i-0fc62b28f38f4275e,m6i.8xlarge,unnamed,2025-11-27T08:35:25+00:00,us-east-1a,Linux,10.238.13.156,Yes,32,128,general
i-0e72d539f775da4bb,m6i.8xlarge,unnamed,2025-11-27T09:03:00+00:00,us-east-1a,Linux,10.238.12.107,Yes,32,128,general
i-0cef4919771dd9ead,m6i.4xlarge,unnamed,2025-11-27T08:35:06+00:00,us-east-1a,Linux,10.238.14.168,Yes,16,64,general
i-0a7889d373836f786,m6i.8xlarge,unnamed,2025-11-27T08:43:55+00:00,us-east-1a,Linux,10.238.14.214,Yes,32,128,general
i-07f28f6e4d0193485,m6i.8xlarge,unnamed,2025-11-27T09:05:00+00:00,us-east-1a,Linux,10.238.15.120,Yes,32,128,general
i-0b9a758f7e72da236,m6i.8xlarge,unnamed,2025-11-27T08:38:35+00:00,us-east-1a,Linux,10.238.12.245,Yes,32,128,general
i-02ca602ec667ca5c1,m6i.8xlarge,unnamed,2025-11-27T08:56:31+00:00,us-east-1a,Linux,10.238.14.251,Yes,32,128,general
i-07c218beeb526fd77,c6i.large,lfeserver07-prod-usa-aws,2025-12-09T23:32:30+00:00,us-east-1a,Linux,10.238.2.44,No,2,4,compute
i-0c78ed33b3357609f,c6i.xlarge,iluckyauthadminbackend02-prod-usb-aws,2025-12-04T03:33:11+00:00,us-east-1b,Linux,10.238.8.113,No,4,8,compute
i-096f6e7e5af4e7b83,c6i.large,umbgrafana03-prod-usb-aws,2025-10-21T01:51:13+00:00,us-east-1b,Linux,10.238.8.153,No,2,4,compute
i-02dacbbb9fe9ba244,c6i.xlarge,iluckyauthadminbackend01-prod-usb-aws,2025-12-04T03:33:10+00:00,us-east-1b,Linux,10.238.8.133,No,4,8,compute
i-02eb6f6d1d464caee,c6i.xlarge,lsoptree02-prod-usa-aws,2025-11-17T20:50:55+00:00,us-east-1a,Linux,10.238.3.227,No,4,8,compute
i-099035a356b556584,c6i.xlarge,ibasicmetrics04-prod-usa-aws,2025-11-18T09:37:28+00:00,us-east-1a,Linux,10.238.3.29,No,4,8,compute
i-07f562ec342398e35,c6i.xlarge,ibasicmetrics05-prod-usa-aws,2025-11-18T09:37:29+00:00,us-east-1a,Linux,10.238.3.153,No,4,8,compute
i-02ebdafe6c14b3c92,c6i.large,iumbcustomcollector02-prod-usa-aws,2025-11-20T08:19:53+00:00,us-east-1a,Linux,10.238.3.217,No,2,4,compute
i-00c4adcd70727aeca,c6i.large,umbnodecollector02-prod-usa-aws,2025-11-20T08:20:54+00:00,us-east-1a,Linux,10.238.3.104,No,2,4,compute
i-0e96768c9f352766c,m6i.8xlarge,unnamed,2025-11-27T08:51:12+00:00,us-east-1a,Linux,10.238.15.7,Yes,32,128,general
i-0b992e7a6fa1b66b4,m6i.8xlarge,unnamed,2025-11-27T08:31:36+00:00,us-east-1a,Linux,10.238.15.105,Yes,32,128,general
i-05cea5a6a4ae2801d,m6i.8xlarge,unnamed,2025-11-27T08:53:12+00:00,us-east-1a,Linux,10.238.14.104,Yes,32,128,general
i-08c37e4b962909d8b,m6i.8xlarge,unnamed,2025-11-27T08:59:31+00:00,us-east-1a,Linux,10.238.13.52,Yes,32,128,general
i-0eb265d2fe5b513d1,m6i.4xlarge,unnamed,2025-11-27T08:37:19+00:00,us-east-1a,Linux,10.238.14.223,Yes,16,64,general
i-078370c47da4c24e1,m6i.4xlarge,unnamed,2025-11-27T08:31:31+00:00,us-east-1a,Linux,10.238.12.76,Yes,16,64,general
i-0f09e3529105df1e9,m6i.8xlarge,unnamed,2025-11-27T09:08:10+00:00,us-east-1a,Linux,10.238.12.228,Yes,32,128,general
i-0b94e2139334f6c97,m6i.8xlarge,unnamed,2025-11-27T08:41:44+00:00,us-east-1a,Linux,10.238.15.159,Yes,32,128,general
i-087d9aa6a44983b43,m6i.4xlarge,unnamed,2025-11-27T08:40:34+00:00,us-east-1a,Linux,10.238.12.9,Yes,16,64,general
i-0ccb5440e68ddb6e2,c6i.large,lsopgrafana01-prod-usa-aws,2025-12-31T06:30:23+00:00,us-east-1a,Linux,10.238.3.18,No,2,4,compute
i-0a59eb2ddb9d1e100,c6i.large,ilsopdevopsdata01-prod-usa-aws,2026-01-06T07:18:47+00:00,us-east-1a,Linux,10.238.3.7,No,2,4,compute
i-0e78f742a8cfdab22,c6i.large,ikafadmin01-prod-usc-aws,2026-01-19T05:40:10+00:00,us-east-1c,Linux,10.238.10.79,No,2,4,compute
i-06b3b72d38758f97f,c6i.large,ilsopdevopsdata02-prod-usa-aws,2026-01-06T07:18:48+00:00,us-east-1a,Linux,10.238.3.76,No,2,4,compute
i-06fc986a73d97b055,t3.large,luckin-prod-us-sec-honeypot-sensor-nonlsop-01,2026-01-09T20:36:30+00:00,us-east-1a,Linux,10.238.3.89,No,2,8,burstable
i-0125dfcf211bb3b6d,m5.xlarge,luckin-prod-us-sec-honeypot-hive-nonlsop-01,2026-01-09T20:34:34+00:00,us-east-1a,Linux,10.238.19.165,No,4,16,general
